id,first_name,last_name,email,gender,height,weight,birthday
1,Archer,Dohmann,adohmann0@friendfeed.com,Male,171,120,24.11.96
2,Marten,Tasseler,mtasseler1@instagram.com,Male,162,115,14.08.34
3,Dale,Fonzone,dfonzone2@ask.com,Male,193,67,15.01.00
4,Fallon,McPhelim,fmcphelim3@alexa.com,Female,196,91,04.07.71
5,Alis,MacGillavery,amacgillavery4@php.net,Female,153,51,28.12.63
6,Den,Marple,dmarple5@toplist.cz,Male,168,67,23.06.84
7,Starlene,Lubman,slubman6@vk.com,Female,150,110,19.08.28
8,Misty,Chappell,mchappell7@vkontakte.ru,Female,186,120,16.12.91
9,Eba,Drewry,edrewry8@disqus.com,Female,179,52,10.07.65
10,Kimbell,Bagguley,kbagguley9@netscape.com,Male,182,88,13.11.88